"timestamp","datetime_wib","cpu_cores","hpa_replicas","pod_count"
"1790673840","2026-09-29 16:24:00","4.06684882757018E-06","1","1"
"1790673855","2026-09-29 16:24:15","4.68380526165861E-06","1","1"
"1790673870","2026-09-29 16:24:30","3.99576918558396E-06","1","1"
"1790673885","2026-09-29 16:24:45","8.88229435560835E-06","1","1"
"1790673900","2026-09-29 16:25:00","5.32572705152003E-06","1","1"
"1790673915","2026-09-29 16:25:15","7.36108763824997E-06","1","1"
"1790673930","2026-09-29 16:25:30","2.98436194338834E-06","1","1"
"1790673945","2026-09-29 16:25:45","6.59373595081764E-06","1","1"
"1790673960","2026-09-29 16:26:00","0.0960764933303646","1","1"
"1790673975","2026-09-29 16:26:15","0.141944497458568","1","1"
"1790673990","2026-09-29 16:26:30","0.170044938340417","1","2"
"1790674005","2026-09-29 16:26:45","0.0650257314167201","1","2"
"1790674020","2026-09-29 16:27:00","0.00333658711523363","1","2"
"1790674035","2026-09-29 16:27:15","0.00174235731966378","1","2"
"1790674050","2026-09-29 16:27:30","0.00144421051106718","2","2"
"1790674065","2026-09-29 16:27:45","1.73972291584247E-05","2","2"
"1790674080","2026-09-29 16:28:00","3.43461587088751E-06","2","1"
"1790674095","2026-09-29 16:28:15","4.72630366645831E-06","2","1"
"1790674110","2026-09-29 16:28:30","2.82430853140834E-06","1","1"
"1790674125","2026-09-29 16:28:45","4.91586773626888E-06","1","1"
"1790674140","2026-09-29 16:29:00","1.95453335441537E-06","1","1"
"1790674155","2026-09-29 16:29:15","4.85579464686112E-06","1","1"
"1790674170","2026-09-29 16:29:30","5.89489045487415E-06","1","1"
"1790674185","2026-09-29 16:29:45","5.85152006098144E-06","1","1"
"1790674200","2026-09-29 16:30:00","2.82574568286522E-06","1","1"
